{
	"class_name" : "PinholeCameraParameters",
	"extrinsic" : 
	[
		0.96864251533686341,
		0.082494984781259273,
		0.23436351031637673,
		0.0,
		-0.11183760576361668,
		-0.69753972370136363,
		0.70776456805613497,
		0.0,
		0.22186488550227251,
		-0.71178150534034346,
		-0.66644059092802732,
		0.0,
		-0.4225901412862143,
		1.3459002524117345,
		39.510171639687556,
		1.0
	],
	"intrinsic" : 
	{
		"height" : 1080,
		"intrinsic_matrix" : 
		[
			935.30743608719376,
			0.0,
			0.0,
			0.0,
			935.30743608719376,
			0.0,
			959.5,
			539.5,
			1.0
		],
		"width" : 1920
	},
	"version_major" : 1,
	"version_minor" : 0
}